{
  "orders": [
    {
      "orderId": "xxxx1111",
      "productId": "000001",
      "productName": "PRODUCT 01",
      "quantity": 9999
    },
    {
      "orderId": "xxxx2222",
      "productName": "PRODUCT 02",
      "productId": "000001",
      "quantity": 8999
    }
  ]
  ,"countries":
      [
        {
            "countryId": "AD",
            "countryC3": "AND",
            "countryN3": "020",
            "countryName": "Andorra"
        },
        {
            "countryId": "AE",
            "countryC3": "ARE",
            "countryN3": "784",
            "countryName": "Emiratos Árabes Unidos"
        },
        {
            "countryId": "AF",
            "countryC3": "AFG",
            "countryN3": "004",
            "countryName": "fganistán"
        },
        {
            "countryId": "AG",
            "countryC3": "ATG",
            "countryN3": "028",
            "countryName": "Antigua y Barbuda"
        },
        {
            "countryId": "AI",
            "countryC3": "AIA",
            "countryN3": "660",
            "countryName": "Anguila"
        },
        {
            "countryId": "AL",
            "countryC3": "ALB",
            "countryN3": "008",
            "countryName": "Albania"
        },
        {
            "countryId": "AM",
            "countryC3": "ARM",
            "countryN3": "051",
            "countryName": "Armenia"
        },
        {
            "countryId": "AO",
            "countryC3": "AGO",
            "countryN3": "024",
            "countryName": "Angola"
        },
        {
            "countryId": "AQ",
            "countryC3": "ATA",
            "countryN3": "010",
            "countryName": "Antártida"
        },
        {
            "countryId": "AR",
            "countryC3": "ARG",
            "countryN3": "032",
            "countryName": "Argentina"
        },
        {
            "countryId": "AS",
            "countryC3": "ASM",
            "countryN3": "016",
            "countryName": "Samoa Americana"
        },
        {
            "countryId": "AT",
            "countryC3": "AUT",
            "countryN3": "040",
            "countryName": "Austria"
        },
        {
            "countryId": "AU",
            "countryC3": "AUS",
            "countryN3": "036",
            "countryName": "Australia"
        },
        {
            "countryId": "AW",
            "countryC3": "ABW",
            "countryN3": "533",
            "countryName": "Aruba"
        },
        {
            "countryId": "AX",
            "countryC3": "ALA",
            "countryN3": "248",
            "countryName": "land"
        },
        {
            "countryId": "AZ",
            "countryC3": "AZE",
            "countryN3": "031",
            "countryName": "Azerbaiyán"
        },
        {
            "countryId": "BA",
            "countryC3": "BIH",
            "countryN3": "070",
            "countryName": "Bosnia y Herzegovina"
        },
        {
            "countryId": "BB",
            "countryC3": "BRB",
            "countryN3": "052",
            "countryName": "Barbados"
        },
        {
            "countryId": "BD",
            "countryC3": "BGD",
            "countryN3": "050",
            "countryName": "Bangladés"
        },
        {
            "countryId": "BE",
            "countryC3": "BEL",
            "countryN3": "056",
            "countryName": "Bélgica"
        },
        {
            "countryId": "BF",
            "countryC3": "BFA",
            "countryN3": "854",
            "countryName": "Burkina Faso"
        },
        {
            "countryId": "BG",
            "countryC3": "BGR",
            "countryN3": "100",
            "countryName": "Bulgaria"
        },
        {
            "countryId": "BH",
            "countryC3": "BHR",
            "countryN3": "048",
            "countryName": "Baréin"
        },
        {
            "countryId": "BI",
            "countryC3": "BDI",
            "countryN3": "108",
            "countryName": "Burundi"
        },
        {
            "countryId": "BJ",
            "countryC3": "BEN",
            "countryN3": "204",
            "countryName": "Benín"
        },
        {
            "countryId": "BL",
            "countryC3": "BLM",
            "countryN3": "652",
            "countryName": "San Bartolomé"
        },
        {
            "countryId": "BM",
            "countryC3": "BMU",
            "countryN3": "060",
            "countryName": "Bermudas"
        },
        {
            "countryId": "BN",
            "countryC3": "BRN",
            "countryN3": "096",
            "countryName": "Brunéi"
        },
        {
            "countryId": "BO",
            "countryC3": "BOL",
            "countryN3": "068",
            "countryName": "Bolivia"
        },
        {
            "countryId": "BQ",
            "countryC3": "BES",
            "countryN3": "535",
            "countryName": "Bonaire, San Eustaquio y Saba"
        },
        {
            "countryId": "BR",
            "countryC3": "BRA",
            "countryN3": "076",
            "countryName": "Brasil"
        },
        {
            "countryId": "BS",
            "countryC3": "BHS",
            "countryN3": "044",
            "countryName": "Bahamas"
        },
        {
            "countryId": "BT",
            "countryC3": "BTN",
            "countryN3": "064",
            "countryName": "Bután"
        },
        {
            "countryId": "BV",
            "countryC3": "BVT",
            "countryN3": "074",
            "countryName": "Isla Bouvet"
        },
        {
            "countryId": "BW",
            "countryC3": "BWA",
            "countryN3": "072",
            "countryName": "Botsuana"
        },
        {
            "countryId": "BY",
            "countryC3": "BLR",
            "countryN3": "112",
            "countryName": "Bielorrusia"
        },
        {
            "countryId": "BZ",
            "countryC3": "BLZ",
            "countryN3": "084",
            "countryName": "Belice"
        },
        {
            "countryId": "CA",
            "countryC3": "CAN",
            "countryN3": "124",
            "countryName": "Canadá"
        },
        {
            "countryId": "CC",
            "countryC3": "CCK",
            "countryN3": "166",
            "countryName": "Islas Cocos"
        },
        {
            "countryId": "CD",
            "countryC3": "COD",
            "countryN3": "180",
            "countryName": "República Democrática del Congo"
        },
        {
            "countryId": "CF",
            "countryC3": "CAF",
            "countryN3": "140",
            "countryName": "República Centroafricana"
        },
        {
            "countryId": "CG",
            "countryC3": "COG",
            "countryN3": "178",
            "countryName": "República del Congo"
        },
        {
            "countryId": "CH",
            "countryC3": "CHE",
            "countryN3": "756",
            "countryName": "Suiza"
        },
        {
            "countryId": "CI",
            "countryC3": "CIV",
            "countryN3": "384",
            "countryName": "Costa de Marfil"
        },
        {
            "countryId": "CK",
            "countryC3": "COK",
            "countryN3": "184",
            "countryName": "Islas Cook"
        },
        {
            "countryId": "CL",
            "countryC3": "CHL",
            "countryN3": "152",
            "countryName": "Chile"
        },
        {
            "countryId": "CM",
            "countryC3": "CMR",
            "countryN3": "120",
            "countryName": "Camerún"
        },
        {
            "countryId": "CN",
            "countryC3": "CHN",
            "countryN3": "156",
            "countryName": "China"
        },
        {
            "countryId": "CO",
            "countryC3": "COL",
            "countryN3": "170",
            "countryName": "Colombia"
        },
        {
            "countryId": "CR",
            "countryC3": "CRI",
            "countryN3": "188",
            "countryName": "Costa Rica"
        },
        {
            "countryId": "CU",
            "countryC3": "CUB",
            "countryN3": "192",
            "countryName": "Cuba"
        },
        {
            "countryId": "CV",
            "countryC3": "CPV",
            "countryN3": "132",
            "countryName": "Cabo Verde"
        },
        {
            "countryId": "CW",
            "countryC3": "CUW",
            "countryN3": "531",
            "countryName": "Curazao"
        },
        {
            "countryId": "CX",
            "countryC3": "CXR",
            "countryN3": "162",
            "countryName": "Isla de Navidad"
        },
        {
            "countryId": "CY",
            "countryC3": "CYP",
            "countryN3": "196",
            "countryName": "Chipre"
        },
        {
            "countryId": "CZ",
            "countryC3": "CZE",
            "countryN3": "203",
            "countryName": "República Checa"
        },
        {
            "countryId": "DE",
            "countryC3": "DEU",
            "countryN3": "276",
            "countryName": "Alemania"
        },
        {
            "countryId": "DJ",
            "countryC3": "DJI",
            "countryN3": "262",
            "countryName": "Yibuti"
        },
        {
            "countryId": "DK",
            "countryC3": "DNK",
            "countryN3": "208",
            "countryName": "Dinamarca"
        },
        {
            "countryId": "DM",
            "countryC3": "DMA",
            "countryN3": "212",
            "countryName": "Dominica"
        },
        {
            "countryId": "DO",
            "countryC3": "DOM",
            "countryN3": "214",
            "countryName": "República Dominicana"
        },
        {
            "countryId": "DZ",
            "countryC3": "DZA",
            "countryN3": "012",
            "countryName": "Argelia"
        },
        {
            "countryId": "EC",
            "countryC3": "ECU",
            "countryN3": "218",
            "countryName": "Ecuador"
        },
        {
            "countryId": "EE",
            "countryC3": "EST",
            "countryN3": "233",
            "countryName": "Estonia"
        },
        {
            "countryId": "EG",
            "countryC3": "EGY",
            "countryN3": "818",
            "countryName": "Egipto"
        },
        {
            "countryId": "EH",
            "countryC3": "ESH",
            "countryN3": "732",
            "countryName": "República Árabe Saharaui Democrática"
        },
        {
            "countryId": "ER",
            "countryC3": "ERI",
            "countryN3": "232",
            "countryName": "Eritrea"
        },
        {
            "countryId": "ES",
            "countryC3": "ESP",
            "countryN3": "724",
            "countryName": "España"
        },
        {
            "countryId": "ET",
            "countryC3": "ETH",
            "countryN3": "231",
            "countryName": "Etiopía"
        },
        {
            "countryId": "FI",
            "countryC3": "FIN",
            "countryN3": "246",
            "countryName": "Finlandia"
        },
        {
            "countryId": "FJ",
            "countryC3": "FJI",
            "countryN3": "242",
            "countryName": "Fiyi"
        },
        {
            "countryId": "FK",
            "countryC3": "FLK",
            "countryN3": "238",
            "countryName": "Islas Malvinas"
        },
        {
            "countryId": "FM",
            "countryC3": "FSM",
            "countryN3": "583",
            "countryName": "Micronesia"
        },
        {
            "countryId": "FO",
            "countryC3": "FRO",
            "countryN3": "234",
            "countryName": "Islas Feroe"
        },
        {
            "countryId": "FR",
            "countryC3": "FRA",
            "countryN3": "250",
            "countryName": "Francia"
        },
        {
            "countryId": "GA",
            "countryC3": "GAB",
            "countryN3": "266",
            "countryName": "Gabón"
        },
        {
            "countryId": "GB",
            "countryC3": "GBR",
            "countryN3": "826",
            "countryName": "Reino Unido"
        },
        {
            "countryId": "GD",
            "countryC3": "GRD",
            "countryN3": "308",
            "countryName": "Granada"
        },
        {
            "countryId": "GE",
            "countryC3": "GEO",
            "countryN3": "268",
            "countryName": "Georgia"
        },
        {
            "countryId": "GF",
            "countryC3": "GUF",
            "countryN3": "254",
            "countryName": "Guayana Francesa"
        },
        {
            "countryId": "GG",
            "countryC3": "GGY",
            "countryN3": "831",
            "countryName": "Guernsey"
        },
        {
            "countryId": "GH",
            "countryC3": "GHA",
            "countryN3": "288",
            "countryName": "Ghana"
        },
        {
            "countryId": "GI",
            "countryC3": "GIB",
            "countryN3": "292",
            "countryName": "Gibraltar"
        },
        {
            "countryId": "GL",
            "countryC3": "GRL",
            "countryN3": "304",
            "countryName": "Groenlandia"
        },
        {
            "countryId": "GM",
            "countryC3": "GMB",
            "countryN3": "270",
            "countryName": "Gambia"
        },
        {
            "countryId": "GN",
            "countryC3": "GIN",
            "countryN3": "324",
            "countryName": "Guinea"
        },
        {
            "countryId": "GP",
            "countryC3": "GLP",
            "countryN3": "312",
            "countryName": "Guadalupe"
        },
        {
            "countryId": "GQ",
            "countryC3": "GNQ",
            "countryN3": "226",
            "countryName": "Guinea Ecuatorial"
        },
        {
            "countryId": "GR",
            "countryC3": "GRC",
            "countryN3": "300",
            "countryName": "Grecia"
        },
        {
            "countryId": "GS",
            "countryC3": "SGS",
            "countryN3": "239",
            "countryName": "Islas Georgias del Sur y Sandwich del Sur"
        },
        {
            "countryId": "GT",
            "countryC3": "GTM",
            "countryN3": "320",
            "countryName": "Guatemala"
        },
        {
            "countryId": "GU",
            "countryC3": "GUM",
            "countryN3": "316",
            "countryName": "Guam"
        },
        {
            "countryId": "GW",
            "countryC3": "GNB",
            "countryN3": "624",
            "countryName": "Guinea-Bisáu"
        },
        {
            "countryId": "GY",
            "countryC3": "GUY",
            "countryN3": "328",
            "countryName": "Guyana"
        },
        {
            "countryId": "HK",
            "countryC3": "HKG",
            "countryN3": "344",
            "countryName": "Hong Kong"
        },
        {
            "countryId": "HM",
            "countryC3": "HMD",
            "countryN3": "334",
            "countryName": "Islas Heard y McDonald"
        },
        {
            "countryId": "HN",
            "countryC3": "HND",
            "countryN3": "340",
            "countryName": "Honduras"
        },
        {
            "countryId": "HR",
            "countryC3": "HRV",
            "countryN3": "191",
            "countryName": "Croacia"
        },
        {
            "countryId": "HT",
            "countryC3": "HTI",
            "countryN3": "332",
            "countryName": "Haití"
        },
        {
            "countryId": "HU",
            "countryC3": "HUN",
            "countryN3": "348",
            "countryName": "Hungría"
        },
        {
            "countryId": "ID",
            "countryC3": "IDN",
            "countryN3": "360",
            "countryName": "Indonesia"
        },
        {
            "countryId": "IE",
            "countryC3": "IRL",
            "countryN3": "372",
            "countryName": "Irlanda"
        },
        {
            "countryId": "IL",
            "countryC3": "ISR",
            "countryN3": "376",
            "countryName": "Israel"
        },
        {
            "countryId": "IM",
            "countryC3": "IMN",
            "countryN3": "833",
            "countryName": "Isla de Man"
        },
        {
            "countryId": "IN",
            "countryC3": "IND",
            "countryN3": "356",
            "countryName": "India"
        },
        {
            "countryId": "IO",
            "countryC3": "IOT",
            "countryN3": "086",
            "countryName": "Territorio Británico del Océano Índico"
        },
        {
            "countryId": "IQ",
            "countryC3": "IRQ",
            "countryN3": "368",
            "countryName": "Irak"
        },
        {
            "countryId": "IR",
            "countryC3": "IRN",
            "countryN3": "364",
            "countryName": "Irán"
        },
        {
            "countryId": "IS",
            "countryC3": "ISL",
            "countryN3": "352",
            "countryName": "Islandia"
        },
        {
            "countryId": "IT",
            "countryC3": "ITA",
            "countryN3": "380",
            "countryName": "Italia"
        },
        {
            "countryId": "JE",
            "countryC3": "JEY",
            "countryN3": "832",
            "countryName": "Jersey"
        },
        {
            "countryId": "JM",
            "countryC3": "JAM",
            "countryN3": "388",
            "countryName": "Jamaica"
        },
        {
            "countryId": "JO",
            "countryC3": "JOR",
            "countryN3": "400",
            "countryName": "Jordania"
        },
        {
            "countryId": "JP",
            "countryC3": "JPN",
            "countryN3": "392",
            "countryName": "Japón"
        },
        {
            "countryId": "KE",
            "countryC3": "KEN",
            "countryN3": "404",
            "countryName": "Kenia"
        },
        {
            "countryId": "KG",
            "countryC3": "KGZ",
            "countryN3": "417",
            "countryName": "Kirguistán"
        },
        {
            "countryId": "KH",
            "countryC3": "KHM",
            "countryN3": "116",
            "countryName": "Camboya"
        },
        {
            "countryId": "KI",
            "countryC3": "KIR",
            "countryN3": "296",
            "countryName": "Kiribati"
        },
        {
            "countryId": "KM",
            "countryC3": "COM",
            "countryN3": "174",
            "countryName": "Comoras"
        },
        {
            "countryId": "KN",
            "countryC3": "KNA",
            "countryN3": "659",
            "countryName": "San Cristóbal y Nieves"
        },
        {
            "countryId": "KP",
            "countryC3": "PRK",
            "countryN3": "408",
            "countryName": "Corea del Norte"
        },
        {
            "countryId": "KR",
            "countryC3": "KOR",
            "countryN3": "410",
            "countryName": "Corea del Sur"
        },
        {
            "countryId": "KW",
            "countryC3": "KWT",
            "countryN3": "414",
            "countryName": "Kuwait"
        },
        {
            "countryId": "KY",
            "countryC3": "CYM",
            "countryN3": "136",
            "countryName": "Islas Caimán"
        },
        {
            "countryId": "KZ",
            "countryC3": "KAZ",
            "countryN3": "398",
            "countryName": "Kazajistán"
        },
        {
            "countryId": "LA",
            "countryC3": "LAO",
            "countryN3": "418",
            "countryName": "Laos"
        },
        {
            "countryId": "LB",
            "countryC3": "LBN",
            "countryN3": "422",
            "countryName": "Líbano"
        },
        {
            "countryId": "LC",
            "countryC3": "LCA",
            "countryN3": "662",
            "countryName": "Santa Lucía"
        },
        {
            "countryId": "LI",
            "countryC3": "LIE",
            "countryN3": "438",
            "countryName": "Liechtenstein"
        },
        {
            "countryId": "LK",
            "countryC3": "LKA",
            "countryN3": "144",
            "countryName": "Sri Lanka"
        },
        {
            "countryId": "LR",
            "countryC3": "LBR",
            "countryN3": "430",
            "countryName": "Liberia"
        },
        {
            "countryId": "LS",
            "countryC3": "LSO",
            "countryN3": "426",
            "countryName": "Lesoto"
        },
        {
            "countryId": "LT",
            "countryC3": "LTU",
            "countryN3": "440",
            "countryName": "Lituania"
        },
        {
            "countryId": "LU",
            "countryC3": "LUX",
            "countryN3": "442",
            "countryName": "Luxemburgo"
        },
        {
            "countryId": "LV",
            "countryC3": "LVA",
            "countryN3": "428",
            "countryName": "Letonia"
        },
        {
            "countryId": "LY",
            "countryC3": "LBY",
            "countryN3": "434",
            "countryName": "Libia"
        },
        {
            "countryId": "MA",
            "countryC3": "MAR",
            "countryN3": "504",
            "countryName": "Marruecos"
        },
        {
            "countryId": "MC",
            "countryC3": "MCO",
            "countryN3": "492",
            "countryName": "Mónaco"
        },
        {
            "countryId": "MD",
            "countryC3": "MDA",
            "countryN3": "498",
            "countryName": "Moldavia"
        },
        {
            "countryId": "ME",
            "countryC3": "MNE",
            "countryN3": "499",
            "countryName": "Montenegro"
        },
        {
            "countryId": "MF",
            "countryC3": "MAF",
            "countryN3": "663",
            "countryName": "San Martín"
        },
        {
            "countryId": "MG",
            "countryC3": "MDG",
            "countryN3": "450",
            "countryName": "Madagascar"
        },
        {
            "countryId": "MH",
            "countryC3": "MHL",
            "countryN3": "584",
            "countryName": "Islas Marshall"
        },
        {
            "countryId": "MK",
            "countryC3": "MKD",
            "countryN3": "807",
            "countryName": "Macedonia"
        },
        {
            "countryId": "ML",
            "countryC3": "MLI",
            "countryN3": "466",
            "countryName": "Malí"
        },
        {
            "countryId": "MM",
            "countryC3": "MMR",
            "countryN3": "104",
            "countryName": "Myanmar"
        },
        {
            "countryId": "MN",
            "countryC3": "MNG",
            "countryN3": "496",
            "countryName": "Mongolia"
        },
        {
            "countryId": "MO",
            "countryC3": "MAC",
            "countryN3": "446",
            "countryName": "Macao"
        },
        {
            "countryId": "MP",
            "countryC3": "MNP",
            "countryN3": "580",
            "countryName": "Islas Marianas del Norte"
        },
        {
            "countryId": "MQ",
            "countryC3": "MTQ",
            "countryN3": "474",
            "countryName": "Martinica"
        },
        {
            "countryId": "MR",
            "countryC3": "MRT",
            "countryN3": "478",
            "countryName": "Mauritania"
        },
        {
            "countryId": "MS",
            "countryC3": "MSR",
            "countryN3": "500",
            "countryName": "Montserrat"
        },
        {
            "countryId": "MT",
            "countryC3": "MLT",
            "countryN3": "470",
            "countryName": "Malta"
        },
        {
            "countryId": "MU",
            "countryC3": "MUS",
            "countryN3": "480",
            "countryName": "Mauricio"
        },
        {
            "countryId": "MV",
            "countryC3": "MDV",
            "countryN3": "462",
            "countryName": "Maldivas"
        },
        {
            "countryId": "MW",
            "countryC3": "MWI",
            "countryN3": "454",
            "countryName": "Malaui"
        },
        {
            "countryId": "MX",
            "countryC3": "MEX",
            "countryN3": "484",
            "countryName": "México"
        },
        {
            "countryId": "MY",
            "countryC3": "MYS",
            "countryN3": "458",
            "countryName": "Malasia"
        },
        {
            "countryId": "MZ",
            "countryC3": "MOZ",
            "countryN3": "508",
            "countryName": "Mozambique"
        },
        {
            "countryId": "NA",
            "countryC3": "NAM",
            "countryN3": "516",
            "countryName": "Namibia"
        },
        {
            "countryId": "NC",
            "countryC3": "NCL",
            "countryN3": "540",
            "countryName": "Nueva Caledonia"
        },
        {
            "countryId": "NE",
            "countryC3": "NER",
            "countryN3": "562",
            "countryName": "Níger"
        },
        {
            "countryId": "NF",
            "countryC3": "NFK",
            "countryN3": "574",
            "countryName": "Norfolk"
        },
        {
            "countryId": "NG",
            "countryC3": "NGA",
            "countryN3": "566",
            "countryName": "Nigeria"
        },
        {
            "countryId": "NI",
            "countryC3": "NIC",
            "countryN3": "558",
            "countryName": "Nicaragua"
        },
        {
            "countryId": "NL",
            "countryC3": "NLD",
            "countryN3": "528",
            "countryName": "Países Bajos"
        },
        {
            "countryId": "NO",
            "countryC3": "NOR",
            "countryN3": "578",
            "countryName": "Noruega"
        },
        {
            "countryId": "NP",
            "countryC3": "NPL",
            "countryN3": "524",
            "countryName": "Nepal"
        },
        {
            "countryId": "NR",
            "countryC3": "NRU",
            "countryN3": "520",
            "countryName": "Nauru"
        },
        {
            "countryId": "NU",
            "countryC3": "NIU",
            "countryN3": "570",
            "countryName": "Niue"
        },
        {
            "countryId": "NZ",
            "countryC3": "NZL",
            "countryN3": "554",
            "countryName": "Nueva Zelanda"
        },
        {
            "countryId": "OM",
            "countryC3": "OMN",
            "countryN3": "512",
            "countryName": "Omán"
        },
        {
            "countryId": "PA",
            "countryC3": "PAN",
            "countryN3": "591",
            "countryName": "Panamá"
        },
        {
            "countryId": "PE",
            "countryC3": "PER",
            "countryN3": "604",
            "countryName": "Perú"
        },
        {
            "countryId": "PF",
            "countryC3": "PYF",
            "countryN3": "258",
            "countryName": "Polinesia Francesa"
        },
        {
            "countryId": "PG",
            "countryC3": "PNG",
            "countryN3": "598",
            "countryName": "Papúa Nueva Guinea"
        },
        {
            "countryId": "PH",
            "countryC3": "PHL",
            "countryN3": "608",
            "countryName": "Filipinas"
        },
        {
            "countryId": "PK",
            "countryC3": "PAK",
            "countryN3": "586",
            "countryName": "Pakistán"
        },
        {
            "countryId": "PL",
            "countryC3": "POL",
            "countryN3": "616",
            "countryName": "Polonia"
        },
        {
            "countryId": "PM",
            "countryC3": "SPM",
            "countryN3": "666",
            "countryName": "San Pedro y Miquelón"
        },
        {
            "countryId": "PN",
            "countryC3": "PCN",
            "countryN3": "612",
            "countryName": "Islas Pitcairn"
        },
        {
            "countryId": "PR",
            "countryC3": "PRI",
            "countryN3": "630",
            "countryName": "Puerto Rico"
        },
        {
            "countryId": "PS",
            "countryC3": "PSE",
            "countryN3": "275",
            "countryName": "Palestina"
        },
        {
            "countryId": "PT",
            "countryC3": "PRT",
            "countryN3": "620",
            "countryName": "Portugal"
        },
        {
            "countryId": "PW",
            "countryC3": "PLW",
            "countryN3": "585",
            "countryName": "Palaos"
        },
        {
            "countryId": "PY",
            "countryC3": "PRY",
            "countryN3": "600",
            "countryName": "Paraguay"
        },
        {
            "countryId": "QA",
            "countryC3": "QAT",
            "countryN3": "634",
            "countryName": "Catar"
        },
        {
            "countryId": "RE",
            "countryC3": "REU",
            "countryN3": "638",
            "countryName": "Reunión"
        },
        {
            "countryId": "RO",
            "countryC3": "ROU",
            "countryN3": "642",
            "countryName": "Rumania"
        },
        {
            "countryId": "RS",
            "countryC3": "SRB",
            "countryN3": "688",
            "countryName": "Serbia"
        },
        {
            "countryId": "RU",
            "countryC3": "RUS",
            "countryN3": "643",
            "countryName": "Rusia"
        },
        {
            "countryId": "RW",
            "countryC3": "RWA",
            "countryN3": "646",
            "countryName": "Ruanda"
        },
        {
            "countryId": "SA",
            "countryC3": "SAU",
            "countryN3": "682",
            "countryName": "Arabia Saudita"
        },
        {
            "countryId": "SB",
            "countryC3": "SLB",
            "countryN3": "090",
            "countryName": "Islas Salomón"
        },
        {
            "countryId": "SC",
            "countryC3": "SYC",
            "countryN3": "690",
            "countryName": "Seychelles"
        },
        {
            "countryId": "SD",
            "countryC3": "SDN",
            "countryN3": "729",
            "countryName": "Sudán"
        },
        {
            "countryId": "SE",
            "countryC3": "SWE",
            "countryN3": "752",
            "countryName": "Suecia"
        },
        {
            "countryId": "SG",
            "countryC3": "SGP",
            "countryN3": "702",
            "countryName": "Singapur"
        },
        {
            "countryId": "SH",
            "countryC3": "SHN",
            "countryN3": "654",
            "countryName": "Santa Elena, Ascensión y Tristán de Acuña"
        },
        {
            "countryId": "SI",
            "countryC3": "SVN",
            "countryN3": "705",
            "countryName": "Eslovenia"
        },
        {
            "countryId": "SJ",
            "countryC3": "SJM",
            "countryN3": "744",
            "countryName": "Svalbard y Jan Mayen"
        },
        {
            "countryId": "SK",
            "countryC3": "SVK",
            "countryN3": "703",
            "countryName": "Eslovaquia"
        },
        {
            "countryId": "SL",
            "countryC3": "SLE",
            "countryN3": "694",
            "countryName": "Sierra Leona"
        },
        {
            "countryId": "SM",
            "countryC3": "SMR",
            "countryN3": "674",
            "countryName": "San Marino"
        },
        {
            "countryId": "SN",
            "countryC3": "SEN",
            "countryN3": "686",
            "countryName": "Senegal"
        },
        {
            "countryId": "SO",
            "countryC3": "SOM",
            "countryN3": "706",
            "countryName": "Somalia"
        },
        {
            "countryId": "SR",
            "countryC3": "SUR",
            "countryN3": "740",
            "countryName": "Surinam"
        },
        {
            "countryId": "SS",
            "countryC3": "SSD",
            "countryN3": "728",
            "countryName": "Sudán del Sur"
        },
        {
            "countryId": "ST",
            "countryC3": "STP",
            "countryN3": "678",
            "countryName": "Santo Tomé y Príncipe"
        },
        {
            "countryId": "SV",
            "countryC3": "SLV",
            "countryN3": "222",
            "countryName": "El Salvador"
        },
        {
            "countryId": "SX",
            "countryC3": "SXM",
            "countryN3": "534",
            "countryName": "Sint Maarten"
        },
        {
            "countryId": "SY",
            "countryC3": "SYR",
            "countryN3": "760",
            "countryName": "Siria"
        },
        {
            "countryId": "SZ",
            "countryC3": "SWZ",
            "countryN3": "748",
            "countryName": "Suazilandia"
        },
        {
            "countryId": "TC",
            "countryC3": "TCA",
            "countryN3": "796",
            "countryName": "Islas Turcas y Caicos"
        },
        {
            "countryId": "TD",
            "countryC3": "TCD",
            "countryN3": "148",
            "countryName": "Chad"
        },
        {
            "countryId": "TF",
            "countryC3": "ATF",
            "countryN3": "260",
            "countryName": "Tierras Australes y Antárticas Francesas"
        },
        {
            "countryId": "TG",
            "countryC3": "TGO",
            "countryN3": "768",
            "countryName": "Togo"
        },
        {
            "countryId": "TH",
            "countryC3": "THA",
            "countryN3": "764",
            "countryName": "Tailandia"
        },
        {
            "countryId": "TJ",
            "countryC3": "TJK",
            "countryN3": "762",
            "countryName": "Tayikistán"
        },
        {
            "countryId": "TK",
            "countryC3": "TKL",
            "countryN3": "772",
            "countryName": "Tokelau"
        },
        {
            "countryId": "TL",
            "countryC3": "TLS",
            "countryN3": "626",
            "countryName": "Timor Oriental"
        },
        {
            "countryId": "TM",
            "countryC3": "TKM",
            "countryN3": "795",
            "countryName": "Turkmenistán"
        },
        {
            "countryId": "TN",
            "countryC3": "TUN",
            "countryN3": "788",
            "countryName": "Túnez"
        },
        {
            "countryId": "TO",
            "countryC3": "TON",
            "countryN3": "776",
            "countryName": "Tonga"
        },
        {
            "countryId": "TR",
            "countryC3": "TUR",
            "countryN3": "792",
            "countryName": "Turquía"
        },
        {
            "countryId": "TT",
            "countryC3": "TTO",
            "countryN3": "780",
            "countryName": "Trinidad y Tobago"
        },
        {
            "countryId": "TV",
            "countryC3": "TUV",
            "countryN3": "798",
            "countryName": "Tuvalu"
        },
        {
            "countryId": "TW",
            "countryC3": "TWN",
            "countryN3": "158",
            "countryName": "Taiwán (República de China)"
        },
        {
            "countryId": "TZ",
            "countryC3": "TZA",
            "countryN3": "834",
            "countryName": "Tanzania"
        },
        {
            "countryId": "UA",
            "countryC3": "UKR",
            "countryN3": "804",
            "countryName": "Ucrania"
        },
        {
            "countryId": "UG",
            "countryC3": "UGA",
            "countryN3": "800",
            "countryName": "Uganda"
        },
        {
            "countryId": "UM",
            "countryC3": "UMI",
            "countryN3": "581",
            "countryName": "Islas ultramarinas de Estados Unidos"
        },
        {
            "countryId": "US",
            "countryC3": "USA",
            "countryN3": "840",
            "countryName": "Estados Unidos"
        },
        {
            "countryId": "UY",
            "countryC3": "URY",
            "countryN3": "858",
            "countryName": "Uruguay"
        },
        {
            "countryId": "UZ",
            "countryC3": "UZB",
            "countryN3": "860",
            "countryName": "Uzbekistán"
        },
        {
            "countryId": "VA",
            "countryC3": "VAT",
            "countryN3": "336",
            "countryName": "Vaticano, Ciudad del"
        },
        {
            "countryId": "VC",
            "countryC3": "VCT",
            "countryN3": "670",
            "countryName": "San Vicente y las Granadinas"
        },
        {
            "countryId": "VE",
            "countryC3": "VEN",
            "countryN3": "862",
            "countryName": "Venezuela"
        },
        {
            "countryId": "VG",
            "countryC3": "VGB",
            "countryN3": "092",
            "countryName": "Islas Vírgenes Británicas"
        },
        {
            "countryId": "VI",
            "countryC3": "VIR",
            "countryN3": "850",
            "countryName": "Islas Vírgenes de los Estados Unidos"
        },
        {
            "countryId": "VN",
            "countryC3": "VNM",
            "countryN3": "704",
            "countryName": "Vietnam"
        },
        {
            "countryId": "VU",
            "countryC3": "VUT",
            "countryN3": "548",
            "countryName": "Vanuatu"
        },
        {
            "countryId": "WF",
            "countryC3": "WLF",
            "countryN3": "876",
            "countryName": "Wallis y Futuna"
        },
        {
            "countryId": "WS",
            "countryC3": "WSM",
            "countryN3": "882",
            "countryName": "Samoa"
        },
        {
            "countryId": "YE",
            "countryC3": "YEM",
            "countryN3": "887",
            "countryName": "Yemen"
        },
        {
            "countryId": "YT",
            "countryC3": "MYT",
            "countryN3": "175",
            "countryName": "Mayotte"
        },
        {
            "countryId": "ZA",
            "countryC3": "ZAF",
            "countryN3": "710",
            "countryName": "Sudáfrica"
        },
        {
            "countryId": "ZM",
            "countryC3": "ZMB",
            "countryN3": "894",
            "countryName": "Zambia"
        },
        {
            "countryId": "ZW",
            "countryC3": "ZWE",
            "countryN3": "716",
            "countryName": "Zimbabue"
        }
    ]
  ,"currencies":
  [
    {
      "currencyId":"GBP",
      "currencyName":"Great Britain Pound",
      "currencySymbol":"£"
    }
  ]
}